,dataset0_mu,dataset0_std,dataset1_mu,dataset1_std,dataset2_mu,dataset2_std,dataset3_mu,dataset3_std,dataset4_mu,dataset4_std,dataset5_mu,dataset5_std,dataset6_mu,dataset6_std,dataset7_mu,dataset7_std,dataset8_mu,dataset8_std,dataset9_mu,dataset9_std
0,-0.23717463,0.1273081,-0.66000986,0.18538924,-1.2570804,0.053579643,-0.3924706,0.09870248,-0.38365668,0.12413313,,,-1.2836914,0.14659548,-1.0628685,0.20884396,-0.2134088,0.20480637,-1.1423457,0.15325086
1,-0.23625508,0.12732702,-0.6552544,0.18508323,-1.2518581,0.05357407,-0.39013985,0.09781098,-0.38023978,0.122469805,,,-1.2796246,0.14643152,-1.0555187,0.2079964,-0.21104917,0.20401831,-1.137744,0.15294541
2,-0.23533638,0.12735012,-0.65048265,0.18479002,-1.2466133,0.053574417,-0.38780814,0.096924335,-0.37682298,0.12080988,,,-1.2755382,0.14626135,-1.0481313,0.2071943,-0.20867926,0.20323183,-1.1331072,0.1526559
3,-0.2344179,0.12737489,-0.64570063,0.18450701,-1.2413266,0.05359681,-0.38547575,0.09603698,-0.37339723,0.119143315,,,-1.271426,0.14608437,-1.0407491,0.20641427,-0.20630912,0.20245102,-1.1284494,0.15239388
4,-0.23349744,0.12740251,-0.64091086,0.18423167,-1.235955,0.05362649,-0.3831211,0.09511241,-0.3699796,0.11747521,,,-1.2673014,0.14590593,-1.0333103,0.20561448,-0.20392817,0.2016696,-1.1237787,0.15212643
5,-0.2325741,0.12743266,-0.6361142,0.18396303,-1.2305541,0.053650323,-0.38074458,0.09416842,-0.36655876,0.1158091,,,-1.2631111,0.14574733,-1.0258274,0.20480387,-0.20154805,0.20089397,-1.1190991,0.15186416
6,-0.23164958,0.12746415,-0.63130116,0.18370625,-1.2251354,0.053675126,-0.3783624,0.09322482,-0.36311793,0.11413477,,,-1.2588547,0.14560519,-1.0183288,0.20399663,-0.19915603,0.20011525,-1.1144079,0.15162115
7,-0.23072504,0.12749599,-0.6264653,0.18344525,-1.2196883,0.05372099,-0.3759663,0.092283495,-0.3596526,0.11246043,,,-1.2545568,0.14546765,-1.0107791,0.20318447,-0.19675861,0.19934091,-1.1097108,0.15139449
8,-0.22980204,0.12752971,-0.6216047,0.18319583,-1.2142295,0.053762227,-0.37355745,0.0913445,-0.35611466,0.11077692,,,-1.2502255,0.14532618,-1.003208,0.2023736,-0.19436258,0.19857386,-1.1050049,0.15117377
9,-0.22888151,0.12756582,-0.61672425,0.18296446,-1.2087656,0.05381529,-0.37112144,0.09043543,-0.3525662,0.10909528,,,-1.2458757,0.14517906,-0.99561006,0.20156682,-0.19197182,0.1978097,-1.100284,0.15095572
10,-0.22796074,0.1276025,-0.6118275,0.18274044,-1.2032957,0.053880174,-0.36867356,0.08954026,-0.34901756,0.10741797,,,-1.2414851,0.14504972,-0.98795104,0.20074786,-0.1895811,0.19705705,-1.0955415,0.15073852
11,-0.22703859,0.12764205,-0.60691816,0.18251708,-1.1978158,0.05396851,-0.36621174,0.08866196,-0.34546882,0.10574635,,,-1.2370149,0.14497542,-0.9802108,0.19996902,-0.1871906,0.1963159,-1.0907807,0.15051955
12,-0.2261128,0.12768719,-0.60199785,0.18230152,-1.1923122,0.054061025,-0.36370736,0.08781771,-0.3419213,0.1040794,,,-1.2324656,0.14491716,-0.97238463,0.19918905,-0.18480009,0.19558497,-1.0860084,0.15030196
13,-0.22518694,0.12773266,-0.5970618,0.18209904,-1.1867859,0.054161444,-0.361174,0.086994,-0.33837864,0.102413274,,,-1.227817,0.14488295,-0.9645163,0.19841717,-0.18240842,0.19486359,-1.0812569,0.15006907
14,-0.22427768,0.12778471,-0.5921097,0.18191169,-1.1812476,0.054266043,-0.35859936,0.086160615,-0.33483878,0.10075418,,,-1.2230948,0.14486064,-0.9564666,0.19763707,-0.18000925,0.19414577,-1.0764765,0.14983884
15,-0.22338112,0.12784187,-0.5871501,0.18173477,-1.1756942,0.054377805,-0.35598433,0.08532526,-0.33128482,0.09909889,,,-1.2182603,0.144863,-0.94820595,0.19684349,-0.17768365,0.19342856,-1.071673,0.14961872
16,-0.22248454,0.12789933,-0.5821756,0.18156655,-1.1701394,0.054519802,-0.3533471,0.08448843,-0.32769322,0.09743227,,,-1.213315,0.14484526,-0.9399144,0.19605516,-0.17536008,0.19271792,-1.066808,0.14943908
17,-0.22158793,0.12795714,-0.5771848,0.18141262,-1.1645751,0.054681826,-0.35066846,0.0836489,-0.32408085,0.09576349,,,-1.2082262,0.14493561,-0.9315818,0.1953039,-0.17303528,0.19201484,-1.0619042,0.14930815
18,-0.220689,0.12801705,-0.5721792,0.18126847,-1.1589856,0.054827042,-0.3479819,0.082819715,-0.32042706,0.09407172,,,-1.2029271,0.14507402,-0.9231627,0.1945522,-0.17070806,0.1913232,-1.0569912,0.14919905
19,-0.21978778,0.12807931,-0.5671529,0.18113948,-1.1534063,0.05498729,-0.34529397,0.08199746,-0.31675914,0.09236534,,,-1.197427,0.14523351,-0.91469496,0.19382064,-0.16838007,0.19064474,-1.0520744,0.14910604
20,-0.21888588,0.12814234,-0.5620946,0.18104209,-1.1478223,0.055157248,-0.34260613,0.08118457,-0.31307945,0.09064329,,,-1.1917408,0.14540528,-0.9061464,0.19310218,-0.16605039,0.18997821,-1.047165,0.14902163
21,-0.21798003,0.12821019,-0.5570173,0.1809638,-1.1421968,0.05533899,-0.33991715,0.08038149,-0.30939975,0.08893354,,,-1.1858034,0.14556831,-0.89745635,0.19238324,-0.16372035,0.18931988,-1.042265,0.14893967
22,-0.21700998,0.12826024,-0.55193007,0.18090372,-1.136499,0.055514842,-0.33722794,0.07958838,-0.30572003,0.08723683,,,-1.1797206,0.14574084,-0.8887249,0.19170369,-0.1613907,0.18867277,-1.0373807,0.14885429
23,-0.21576995,0.12822925,-0.54683745,0.18085298,-1.1307688,0.055692315,-0.33453876,0.07880561,-0.30204034,0.085553914,,,-1.1735468,0.14592807,-0.8799629,0.19107014,-0.15905894,0.18803559,-1.0324932,0.14878093
24,-0.21451499,0.12819149,-0.5417413,0.18081021,-1.125034,0.055881847,-0.3318496,0.07803342,-0.29836062,0.08388557,,,-1.1673367,0.14611246,-0.8711962,0.1904474,-0.1567206,0.18740691,-1.0276052,0.14871721
25,-0.2132546,0.12814921,-0.5366426,0.18077333,-1.1192994,0.056083426,-0.32916015,0.0772722,-0.29468095,0.08223273,,,-1.1610651,0.14633374,-0.86240554,0.18990082,-0.15438205,0.18678932,-1.0227169,0.14866312
26,-0.21198976,0.12810169,-0.5315437,0.18073836,-1.1135647,0.05629692,-0.32646987,0.07652193,-0.2910013,0.08059635,,,-1.1547172,0.14658552,-0.8535664,0.18946223,-0.15204167,0.186184,-1.0178287,0.14861865
27,-0.21071862,0.12805098,-0.5264434,0.18070579,-1.1078261,0.056516558,-0.32377866,0.07578348,-0.2873216,0.0789775,,,-1.1482126,0.14684263,-0.84473747,0.18903622,-0.14969994,0.18559007,-1.0129406,0.14858383
28,-0.2094418,0.12799649,-0.52134305,0.18067493,-1.1020718,0.056737192,-0.3210873,0.07505703,-0.28364193,0.07737723,,,-1.1416476,0.14711246,-0.83591056,0.18862075,-0.1473583,0.18500751,-1.0080523,0.1485586
29,-0.20812708,0.12791996,-0.5162427,0.18064585,-1.0963155,0.05696851,-0.31839544,0.074342854,-0.27996227,0.07579674,,,-1.1350386,0.14737803,-0.82707703,0.18821143,-0.14501655,0.18443632,-1.0031643,0.14854307
30,-0.20676489,0.12783334,-0.5111424,0.18061863,-1.0905594,0.057210855,-0.31570265,0.07364122,-0.27628264,0.0742373,,,-1.1283985,0.14763765,-0.81824595,0.18781295,-0.14267488,0.18387668,-0.9982761,0.14853714
31,-0.2053835,0.12774816,-0.506042,0.18059315,-1.0848031,0.057464104,-0.31300917,0.07295234,-0.27260295,0.07270024,,,-1.1217542,0.14791189,-0.80942863,0.18742828,-0.14033318,0.1833287,-0.993388,0.14854087
32,-0.20398174,0.12769258,-0.50094163,0.18056947,-1.0790467,0.05772807,-0.31031564,0.07227693,-0.26892325,0.07118701,,,-1.1151097,0.14819837,-0.8006134,0.18705316,-0.13799123,0.1827925,-0.98849976,0.14855425
33,-0.20257498,0.12764546,-0.49584132,0.18054758,-1.0732905,0.058002647,-0.30762175,0.071615055,-0.26524362,0.069699205,,,-1.1084472,0.14850046,-0.79185754,0.18669042,-0.13564898,0.18226825,-0.98361146,0.14857729
34,-0.20116289,0.12760475,-0.49074095,0.1805275,-1.0675342,0.058287673,-0.3049276,0.070967175,-0.261564,0.06823846,,,-1.1015482,0.14860749,-0.78317887,0.1863477,-0.13330656,0.1817562,-0.97872335,0.14860995
35,-0.19974522,0.12757108,-0.48564067,0.1805092,-1.061778,0.058583006,-0.30223334,0.070333906,-0.25788426,0.06680653,,,-1.0939932,0.1482519,-0.7744591,0.18607247,-0.13096419,0.1812562,-0.97383505,0.14865223
36,-0.19832657,0.12753995,-0.4805403,0.18049268,-1.0560217,0.05888847,-0.29953906,0.069715604,-0.25420457,0.06540535,,,-1.0863155,0.14785409,-0.76572555,0.18583772,-0.12862176,0.18076836,-0.96894705,0.14870414
37,-0.1968979,0.12750256,-0.47544,0.18047799,-1.0502656,0.059203934,-0.2968443,0.069112495,-0.25052494,0.0640369,,,-1.0786104,0.1474694,-0.7569938,0.18561752,-0.12627935,0.18029274,-0.9640588,0.14876568
38,-0.19546229,0.12746061,-0.47033966,0.18046507,-1.0445092,0.05952922,-0.29414928,0.06852511,-0.24684526,0.062703334,,,-1.0709053,0.14709654,-0.7482708,0.18540843,-0.123936966,0.17982948,-0.9591707,0.1488368
39,-0.19401832,0.12741014,-0.46523938,0.18045397,-1.0387528,0.059864186,-0.2914542,0.0679539,-0.24316561,0.061406948,,,-1.0631664,0.14674129,-0.73954797,0.18520543,-0.12159454,0.17937867,-0.9542825,0.14891753
40,-0.19256645,0.12735274,-0.46013892,0.18044464,-1.0329967,0.060208637,-0.2887591,0.06739931,-0.23948593,0.060150106,,,-1.0554141,0.14639588,-0.73083794,0.18500511,-0.11925213,0.17894042,-0.9493943,0.14900781
41,-0.19111143,0.12729356,-0.4550386,0.18043709,-1.0272404,0.060562428,-0.28606412,0.06686172,-0.23580627,0.058935385,,,-1.047662,0.14606218,-0.72211856,0.1848021,-0.116909735,0.1785148,-0.9445106,0.14910807
42,-0.18965551,0.12723666,-0.4499382,0.18043137,-1.0214841,0.0609254,-0.28336903,0.0663416,-0.2321266,0.057765376,,,-1.0399057,0.14574134,-0.7134085,0.18460535,-0.11456732,0.1781019,-0.9396272,0.14921801
43,-0.1881554,0.12721838,-0.44483793,0.18042745,-1.0157278,0.061297406,-0.280674,0.065839276,-0.22844692,0.056642935,,,-1.0321733,0.14547469,-0.7046899,0.18440287,-0.1122246,0.17770182,-0.9347438,0.14933753
44,-0.18662581,0.12721753,-0.43973768,0.18042529,-1.0099716,0.061678257,-0.27797893,0.06535523,-0.22476727,0.05557088,,,-1.0243859,0.14517789,-0.6960122,0.18420127,-0.109881066,0.1773147,-0.92986023,0.14946668
45,-0.1850931,0.12721774,-0.4346373,0.18042496,-1.0042154,0.062067803,-0.27528378,0.06488984,-0.22108757,0.054552205,,,-1.0166407,0.14496948,-0.6873392,0.18400757,-0.10753753,0.17694059,-0.9250278,0.14961201
46,-0.18356039,0.1272183,-0.42957494,0.18034726,-0.9984591,0.062465876,-0.27258873,0.06444355,-0.21740791,0.053589948,,,-1.0089535,0.14491417,-0.67865425,0.18380953,-0.10519398,0.17657956,-0.9202584,0.14976844
47,-0.18202396,0.12721999,-0.42451233,0.1802548,-0.99270284,0.06287232,-0.26989374,0.06401669,-0.2137738,0.052683026,,,-1.00128,0.14493099,-0.6699562,0.1836054,-0.102850415,0.17623173,-0.91590124,0.14955413
48,-0.18048564,0.12722242,-0.41941914,0.18013658,-0.98694646,0.06328697,-0.26719862,0.06360971,-0.21025455,0.05182789,,,-0.9935722,0.1450106,-0.661244,0.18341528,-0.10050686,0.17589715,-0.91170096,0.14915997
49,-0.17894727,0.12722519,-0.4143103,0.1800059,-0.98119026,0.063709654,-0.26450357,0.06322295,-0.20775181,0.051239207,,,-0.9858485,0.14512421,-0.65248716,0.18335345,-0.09816169,0.17557597,-0.90752745,0.14874569
50,-0.17740892,0.1272283,-0.40920135,0.17987797,-0.97543395,0.064140245,-0.2618085,0.06285684,-0.20608164,0.050910577,,,-0.978125,0.14524855,-0.6437072,0.18333092,-0.09581559,0.17526834,-0.9033994,0.14829105
51,-0.17587064,0.12723175,-0.40409225,0.17975283,-0.9696777,0.06457853,-0.25911343,0.062511705,-0.20525998,0.05060822,,,-0.9704784,0.14552163,-0.6349248,0.18331154,-0.093469545,0.17497419,-0.8992718,0.14784552
52,-0.17433229,0.12723553,-0.39898315,0.1796304,-0.9638806,0.064972065,-0.25641838,0.062187877,-0.20481662,0.050383046,,,-0.96283233,0.1458061,-0.6261185,0.18326963,-0.09112265,0.17469296,-0.89516985,0.14739607
53,-0.17279314,0.12723985,-0.393874,0.17951071,-0.95797133,0.06523504,-0.2539202,0.06166926,-0.20464359,0.050492503,,,-0.9551872,0.14610116,-0.61727273,0.18318273,-0.088775635,0.17442513,-0.891128,0.14692433
54,-0.17125238,0.12724487,-0.38876495,0.17939374,-0.95204633,0.06550782,-0.25161096,0.060963176,-0.20472555,0.05080069,,,-0.9477449,0.14636758,-0.6084252,0.18309942,-0.08645017,0.17420007,-0.8871252,0.14644103
55,-0.16971163,0.12725024,-0.38365296,0.1792785,-0.94603866,0.06575675,-0.24941258,0.060175207,-0.20484507,0.05112543,,,-0.94037676,0.14670128,-0.59957767,0.18302192,-0.08422265,0.17406876,-0.8831226,0.14596662
56,-0.16817091,0.12725593,-0.37853667,0.17916453,-0.94003105,0.066025496,-0.24741139,0.05946304,-0.20504235,0.051516615,,,-0.93304443,0.14707655,-0.5907302,0.18295012,-0.08214032,0.17399648,-0.8791507,0.1454511
57,-0.16663018,0.12726195,-0.37342036,0.17905326,-0.93391645,0.06626237,-0.24547005,0.058804642,-0.20527697,0.05194761,,,-0.9257122,0.147457,-0.5818828,0.1828842,-0.08014881,0.17395735,-0.8753545,0.14458576
58,-0.16508946,0.1272683,-0.36830398,0.17894477,-0.92746794,0.06636372,-0.24370807,0.058343966,-0.20551156,0.052392356,,,-0.91839075,0.14790082,-0.57302433,0.18281873,-0.078159265,0.17393376,-0.87158567,0.14367005
59,-0.1635487,0.12727499,-0.3631877,0.178839,-0.92097956,0.0665227,-0.24226518,0.058511548,-0.20574617,0.052850503,,,-0.9111911,0.14847797,-0.56415635,0.18275441,-0.07631817,0.17387713,-0.86782014,0.14275962
60,-0.16200796,0.12728202,-0.35807136,0.17873602,-0.91447103,0.066731885,-0.24126372,0.058472246,-0.20598078,0.05332171,,,-0.90382457,0.14893521,-0.5552876,0.18269499,-0.07451698,0.17380491,-0.8640553,0.14185493
61,-0.16046722,0.12728937,-0.35295504,0.17863579,-0.9079597,0.06698075,-0.24054128,0.058221646,-0.20631124,0.05379349,,,-0.8962054,0.14932568,-0.5464481,0.18264255,-0.07273368,0.17376201,-0.86029047,0.14095622
62,-0.1589265,0.12729704,-0.34783593,0.17853738,-0.9013182,0.0673192,-0.24002863,0.0580856,-0.20668675,0.05424877,,,-0.88839775,0.14960109,-0.53769433,0.18259357,-0.07114526,0.17359756,-0.8565254,0.1400636
63,-0.15738577,0.12730506,-0.34278068,0.17828715,-0.8945534,0.0676622,-0.24005902,0.058277134,-0.20706762,0.054705262,,,-0.88047767,0.14987905,-0.5289505,0.18255095,-0.06958312,0.17342152,-0.8527608,0.1391772
64,-0.15584502,0.1273134,-0.33775905,0.17796345,-0.8863537,0.06720021,-0.24104768,0.05839674,-0.20745333,0.05516416,,,-0.8724039,0.15012628,-0.5202366,0.18251406,-0.06808357,0.17320475,-0.8489958,0.13829714
65,-0.15430428,0.12732211,-0.33272555,0.17763342,-0.8780157,0.066666245,-0.2421269,0.05857402,-0.2078549,0.055637304,,,-0.8641626,0.1502427,-0.5115266,0.18248062,-0.06661775,0.17297319,-0.8452309,0.13742353
66,-0.15276356,0.12733111,-0.3276805,0.17729704,-0.8696134,0.06602444,-0.2432061,0.058767717,-0.20829602,0.056126434,,,-0.855897,0.15035048,-0.5028404,0.18243611,-0.065278046,0.17281283,-0.8414947,0.13650103
67,-0.15122283,0.12734045,-0.3226359,0.17696202,-0.8611402,0.06534243,-0.24442455,0.058984973,-0.20873709,0.056625832,,,-0.84759414,0.15045097,-0.4941566,0.18239343,-0.06414748,0.17277285,-0.83794385,0.1352726
68,-0.14968207,0.12735014,-0.3175949,0.17662159,-0.8526562,0.06468085,-0.24569443,0.059214868,-0.20941606,0.057026856,,,-0.83928305,0.15055577,-0.4854731,0.1823542,-0.06325078,0.17279117,-0.8344372,0.13405049
69,-0.14814134,0.12736014,-0.31255114,0.17628172,-0.84417206,0.064032935,-0.2469643,0.059453636,-0.21028163,0.05740059,,,-0.8309591,0.15066563,-0.4768448,0.18225726,-0.06242677,0.1729097,-0.830932,0.13282953
70,-0.1466006,0.12737048,-0.30749285,0.17593583,-0.83568794,0.063399084,-0.2482342,0.059701215,-0.21114737,0.05778823,,,-0.82256895,0.15079778,-0.46822408,0.18213068,-0.06160343,0.17303817,-0.82742745,0.1316102
71,-0.14505987,0.12738115,-0.30242997,0.17559277,-0.8272039,0.062779754,-0.24950062,0.059958663,-0.21204479,0.058175128,,,-0.8141325,0.15094613,-0.45960143,0.18200655,-0.060780104,0.17317528,-0.82392484,0.13039297
72,-0.14351912,0.12739214,-0.29736516,0.17525588,-0.818698,0.06219815,-0.25076208,0.060226627,-0.21301162,0.05856351,,,-0.8056662,0.15112756,-0.4509788,0.18188593,-0.05995679,0.17332104,-0.82042223,0.12917723
73,-0.1419784,0.12740348,-0.29229432,0.17493223,-0.8101784,0.061658777,-0.2520234,0.060503203,-0.21397848,0.05896429,,,-0.7971853,0.15131742,-0.44235614,0.18176882,-0.059166573,0.1734927,-0.8169195,0.12796304
74,-0.14043766,0.12741517,-0.28719038,0.17460793,-0.8016581,0.06113547,-0.2532848,0.060788266,-0.21494538,0.05937721,,,-0.78867364,0.15152603,-0.43373343,0.18165517,-0.058736783,0.17361559,-0.81341684,0.12675044
75,-0.13889691,0.12742716,-0.28208387,0.17428522,-0.7931377,0.060627546,-0.2545462,0.061081693,-0.21591216,0.05980202,,,-0.7800844,0.15174791,-0.42511082,0.18154499,-0.05855092,0.17370646,-0.809914,0.12553945
76,-0.13735618,0.1274395,-0.27694365,0.17395796,-0.78461754,0.060135365,-0.25580758,0.06138334,-0.21687907,0.06023849,,,-0.77143514,0.15197384,-0.4164881,0.18143834,-0.058516484,0.17374767,-0.80641145,0.12433016
77,-0.13581546,0.12745215,-0.271678,0.17365676,-0.77609724,0.059659336,-0.257069,0.06169315,-0.2178459,0.06068631,,,-0.76268613,0.15224732,-0.40800923,0.18132578,-0.058542307,0.17379114,-0.8029088,0.12312252
78,-0.13427472,0.12746513,-0.26639527,0.17336811,-0.767577,0.05919982,-0.25833032,0.062010974,-0.21881275,0.06114528,,,-0.7538215,0.15255883,-0.39961845,0.18122804,-0.05858262,0.17384005,-0.7994068,0.12191549
79,-0.13273397,0.12747845,-0.26111114,0.17308085,-0.75911,0.058773488,-0.2595918,0.062336657,-0.21977958,0.061615143,,,-0.7448068,0.15293582,-0.3912908,0.1811508,-0.058663532,0.17391504,-0.7959085,0.12070804
80,-0.13119327,0.12749211,-0.2559321,0.17262302,-0.7508139,0.058433086,-0.2608531,0.062670104,-0.22074644,0.06209564,,,-0.73575,0.15332139,-0.38295886,0.18107732,-0.058746777,0.17399307,-0.7924104,0.11950249
81,-0.12965252,0.12750609,-0.25083032,0.17203616,-0.7426132,0.058187183,-0.26211455,0.0630112,-0.22171329,0.06258654,,,-0.7266325,0.15373027,-0.37462234,0.18100768,-0.058840103,0.17407477,-0.7889123,0.11829886
82,-0.12811178,0.12752041,-0.24572857,0.17145185,-0.7344742,0.057970338,-0.26337597,0.06335979,-0.22268015,0.06308758,,,-0.7174031,0.15420355,-0.36628795,0.18094279,-0.058938533,0.17415929,-0.7854021,0.11711671
83,-0.12657103,0.12753505,-0.24062634,0.17087089,-0.7265961,0.05781859,-0.26463738,0.063715816,-0.223647,0.063598536,,,-0.70814407,0.15469229,-0.3579666,0.18088537,-0.059037868,0.1742461,-0.781765,0.11597554
84,-0.12503032,0.12755,-0.2355308,0.17028305,-0.7189614,0.057808053,-0.26589873,0.064079076,-0.22461382,0.06411916,,,-0.6988842,0.15518293,-0.34979898,0.18082966,-0.05913719,0.17433508,-0.77804565,0.114913106
85,-0.12348957,0.12756532,-0.23061012,0.16956548,-0.7112418,0.057720263,-0.26716012,0.06444948,-0.22558069,0.06464923,,,-0.6896242,0.15567566,-0.34170872,0.18079366,-0.059236515,0.17442615,-0.7742497,0.11393568
86,-0.12194883,0.12758096,-0.22627042,0.16894616,-0.70352155,0.057630055,-0.26842156,0.06482693,-0.22654757,0.06518852,,,-0.6803641,0.15617049,-0.3336191,0.18076007,-0.05933583,0.17451945,-0.7702816,0.11306736
87,-0.12040809,0.12759693,-0.2222691,0.16842455,-0.6958021,0.057549715,-0.2696829,0.06521126,-0.22751445,0.06573681,,,-0.67110306,0.1566671,-0.32556754,0.18073003,-0.059435178,0.1746149,-0.76588714,0.113001056
88,-0.11886736,0.1276132,-0.21877424,0.16808264,-0.68805474,0.057455562,-0.2709443,0.06560237,-0.22848128,0.066293836,,,-0.6618342,0.1571641,-0.31753346,0.18070987,-0.0595345,0.17471246,-0.7614961,0.112985134
89,-0.117326625,0.12762985,-0.21585701,0.16789843,-0.6801083,0.057360336,-0.2722057,0.06600016,-0.2294481,0.06685941,,,-0.65256,0.1576618,-0.30956757,0.18073319,-0.05964978,0.17482583,-0.7566866,0.11387741
90,-0.11578588,0.12764679,-0.21296059,0.16773777,-0.67201567,0.057495747,-0.27346715,0.06640446,-0.23041493,0.06743332,,,-0.6432215,0.15806201,-0.3016106,0.18076847,-0.059771758,0.17494683,-0.75179464,0.11494751
91,-0.11424515,0.12766407,-0.2112623,0.16826987,-0.66391444,0.057657596,-0.27472708,0.066816956,-0.23138182,0.06801533,,,-0.6337514,0.15838395,-0.29374826,0.18084581,-0.05989376,0.1750697,-0.74682325,0.11607272
92,-0.11269949,0.12768258,-0.21050923,0.16936193,-0.65575796,0.057923198,-0.2759801,0.067244135,-0.23234865,0.06860527,,,-0.6241062,0.15870805,-0.2858984,0.18093467,-0.060015734,0.17519443,-0.74042314,0.11724467
93,-0.111151025,0.12770191,-0.20976187,0.17046379,-0.64760035,0.05820962,-0.2772194,0.06767179,-0.23331551,0.069202915,,,-0.61430705,0.15884009,-0.27804768,0.18102951,-0.060137738,0.17532104,-0.73187095,0.11915153
94,-0.10960256,0.12772156,-0.20902097,0.17157583,-0.6394473,0.05851022,-0.27845603,0.06810439,-0.23428236,0.06980806,,,-0.6044103,0.1588326,-0.270204,0.18112813,-0.060259752,0.17544949,-0.7226231,0.12118286
95,-0.1080541,0.12774152,-0.20841019,0.17279378,-0.6312232,0.0588361,-0.2796899,0.06854559,-0.23524922,0.07042052,,,-0.59451365,0.15882808,-0.26236588,0.18123145,-0.060381725,0.17557979,-0.7132065,0.123289905
96,-0.10650566,0.12776183,-0.20776744,0.1739893,-0.62294227,0.059161153,-0.2809206,0.06899594,-0.23621602,0.071040116,,,-0.5846197,0.15883212,-0.2545278,0.1813419,-0.060503703,0.17571196,-0.7032999,0.12534751
97,-0.10495715,0.12778245,-0.20710753,0.17517361,-0.6145693,0.05964426,-0.28215122,0.06945207,-0.2371829,0.07166665,,,-0.5747258,0.1588396,-0.24668959,0.18145952,-0.060625695,0.17584594,-0.6928971,0.12736222
98,-0.10340871,0.12780339,-0.20637612,0.17631315,-0.6060008,0.060464367,-0.28338185,0.06991383,-0.23814976,0.07229996,,,-0.5648323,0.15885048,-0.23885146,0.18158431,-0.060747698,0.17598179,-0.68199706,0.12921982
99,-0.10186025,0.12782466,-0.20561306,0.1774319,-0.5972708,0.061504733,-0.2846126,0.07038115,-0.23911661,0.072939835,,,-0.5549404,0.15886697,-0.23101337,0.18171622,-0.060869694,0.17611946,-0.6706427,0.13096696
100,-0.100311756,0.12784624,-0.20482405,0.17853375,-0.58825296,0.0627535,-0.28584206,0.07085144,-0.24008174,0.07358363,,,-0.54505265,0.15889175,-0.22317517,0.18185523,-0.06099166,0.17625897,-0.65909034,0.13268355
101,-0.09876332,0.12786815,-0.20395061,0.1795729,-0.57912856,0.063987285,-0.28700644,0.07118538,-0.24085411,0.07416358,,,-0.5351649,0.15891941,-0.2153788,0.18198554,-0.06111268,0.17639959,-0.64731985,0.13424851
102,-0.09721484,0.1278904,-0.20307037,0.18061249,-0.5697164,0.065082125,-0.28812528,0.0714274,-0.24126396,0.0744878,,,-0.5252773,0.15895003,-0.20793411,0.18202803,-0.061176226,0.17649968,-0.6352928,0.13556665
103,-0.09566638,0.12791294,-0.20215572,0.18164323,-0.5596392,0.0658107,-0.28924415,0.07167677,-0.24160534,0.074748665,,,-0.5153893,0.15898351,-0.20058358,0.18206976,-0.061239794,0.17660137,-0.6230371,0.13668093
104,-0.09411791,0.1279358,-0.20086876,0.18251872,-0.5493052,0.06644326,-0.29036292,0.071933426,-0.24191618,0.07502439,,,-0.5055016,0.15901989,-0.19323587,0.18211758,-0.061303347,0.17670467,-0.6107336,0.1376278
105,-0.092567205,0.12795848,-0.19952548,0.18338259,-0.5388762,0.06721278,-0.2914816,0.07219733,-0.2416649,0.07536752,,,-0.49561393,0.15905918,-0.18597275,0.1821278,-0.061337892,0.1767657,-0.5983089,0.13846873
106,-0.09101152,0.12798029,-0.19813341,0.1841988,-0.52841985,0.06806311,-0.29258916,0.07247113,-0.23956007,0.07515959,,,-0.48572618,0.1591014,-0.17886645,0.18208309,-0.06136278,0.17681396,-0.58569616,0.13934472
107,-0.08945507,0.12800191,-0.19675508,0.1850305,-0.517905,0.0689127,-0.29369667,0.0727519,-0.23570468,0.074016325,,,-0.47581396,0.15913332,-0.171773,0.18203929,-0.06138772,0.176864,-0.57238907,0.13986832
108,-0.08789173,0.12801905,-0.19537687,0.18587172,-0.50736743,0.069790885,-0.29476488,0.07302545,-0.23143987,0.07286559,,,-0.4658665,0.15914689,-0.16469607,0.18198398,-0.061412647,0.17691584,-0.55726945,0.13972776
109,-0.0863271,0.12803529,-0.19376774,0.1865621,-0.49680078,0.07073355,-0.29571488,0.07328564,-0.22696772,0.07189458,,,-0.4558734,0.15917854,-0.15764199,0.18192616,-0.06143754,0.17696953,-0.54151607,0.13947596
110,-0.08476241,0.12805182,-0.19157112,0.1869569,-0.48614538,0.071711786,-0.29666498,0.07355475,-0.22208144,0.07100536,,,-0.44582376,0.15918522,-0.15067652,0.18186821,-0.061455306,0.1770144,-0.52568066,0.13921395
111,-0.08319777,0.12806869,-0.18919851,0.18731254,-0.47445288,0.07181918,-0.2976151,0.07383269,-0.21707833,0.07017494,,,-0.4356572,0.15914185,-0.1437924,0.18190685,-0.061399918,0.17698993,-0.50992227,0.13899486
112,-0.08163312,0.12808584,-0.18676533,0.18764031,-0.46175766,0.071059614,-0.29856515,0.074119344,-0.21198872,0.06937653,,,-0.4253705,0.15906306,-0.13691504,0.18192236,-0.061335288,0.17696169,-0.49429092,0.13878298
113,-0.08006846,0.1281033,-0.18389039,0.18761288,-0.44868,0.07018837,-0.29939032,0.07427826,-0.20683472,0.068594545,,,-0.4150008,0.15896131,-0.1300418,0.1819257,-0.061270677,0.17693631,-0.47910896,0.13846341
114,-0.07850381,0.12812108,-0.18052967,0.18719961,-0.43533435,0.06930695,-0.2996461,0.07391276,-0.20162685,0.06788734,,,-0.4044718,0.15879738,-0.12317767,0.18193462,-0.061206065,0.17691383,-0.46414453,0.13813376
115,-0.07693915,0.12813917,-0.17716244,0.18678704,-0.4208232,0.06771685,-0.29968607,0.07341769,-0.19626944,0.06742047,,,-0.39388838,0.15863848,-0.11633158,0.18194771,-0.061111555,0.17687409,-0.4491967,0.1378192
116,-0.07537449,0.12815757,-0.17379518,0.1863769,-0.4048465,0.06514568,-0.2996168,0.072982684,-0.19091204,0.0669623,,,-0.3831709,0.1584415,-0.1095672,0.1819604,-0.061001264,0.17683525,-0.4342777,0.13755715
117,-0.07380983,0.12817626,-0.17040987,0.18600032,-0.38885108,0.062632464,-0.29947424,0.07251404,-0.1855302,0.06652675,,,-0.37240452,0.15825397,-0.10281815,0.18198456,-0.06078769,0.17679399,-0.41941327,0.13737343
118,-0.07224516,0.12819529,-0.16701536,0.18564211,-0.37330532,0.060308527,-0.29915187,0.072122134,-0.1800776,0.06611807,,,-0.3616223,0.15807739,-0.09615871,0.18204115,-0.060492963,0.17674175,-0.40449446,0.13726541
119,-0.07068052,0.12821461,-0.16362083,0.18528634,-0.35803172,0.058151495,-0.29828802,0.07143058,-0.17461972,0.06572651,,,-0.3507785,0.15793079,-0.08956951,0.18211249,-0.060144998,0.17668971,-0.38937625,0.13739759
120,-0.069115855,0.12823424,-0.16022627,0.18493304,-0.34291145,0.05617395,-0.297194,0.070510484,-0.16912705,0.0654127,,,-0.33979392,0.15784913,-0.08301712,0.18219733,-0.059524383,0.17665306,-0.37399232,0.13773361
121,-0.06755121,0.12825416,-0.15683174,0.18458217,-0.32821083,0.054473292,-0.29590967,0.06963583,-0.16359597,0.06514785,,,-0.32867873,0.15779139,-0.0765238,0.18228583,-0.05878047,0.17663167,-0.35833564,0.1383278
122,-0.065986544,0.12827443,-0.15343715,0.18423384,-0.3145089,0.053252786,-0.29423332,0.06890424,-0.15804346,0.06492283,,,-0.31745887,0.15774485,-0.07028935,0.18235667,-0.057917215,0.17665382,-0.342511,0.13903935
123,-0.064421885,0.12829499,-0.15004261,0.18388797,-0.301081,0.05217779,-0.29223534,0.0683701,-0.15248637,0.064711966,,,-0.30621552,0.15770687,-0.06409729,0.182445,-0.057053555,0.17668445,-0.326701,0.13977057
124,-0.062847026,0.12833405,-0.14664808,0.18354467,-0.28835532,0.051561613,-0.2899509,0.06784626,-0.1469038,0.06450235,,,-0.29492864,0.15767328,-0.058233425,0.182553,-0.05618991,0.17672352,-0.3108329,0.14053795
125,-0.061262876,0.12839,-0.14324859,0.1831994,-0.27582267,0.051182106,-0.28727952,0.067521416,-0.14124577,0.06434148,,,-0.28360963,0.15764354,-0.052610215,0.18290144,-0.055326242,0.17677103,-0.29496476,0.14131774
126,-0.05967874,0.12844627,-0.13979113,0.18281195,-0.26318604,0.05079944,-0.28451404,0.06742472,-0.13558492,0.0641884,,,-0.27229068,0.15761729,-0.047135647,0.18345006,-0.05437291,0.17680144,-0.27909663,0.14210972
127,-0.058094572,0.12850288,-0.13632922,0.18242374,-0.25039473,0.050389644,-0.28129336,0.06784173,-0.12989867,0.0640514,,,-0.26097155,0.15759453,-0.04174507,0.18403147,-0.052917156,0.17680468,-0.26325536,0.14294603
128,-0.056510437,0.12855977,-0.13282682,0.18201384,-0.2375406,0.04999754,-0.27739564,0.06820459,-0.12419756,0.06392501,,,-0.24965268,0.1575753,-0.036825586,0.18464907,-0.051281776,0.17671897,-0.24745098,0.14379545
129,-0.054913808,0.1286481,-0.1293688,0.18163152,-0.22473592,0.04969121,-0.2729654,0.06885123,-0.118496396,0.06380169,,,-0.23829186,0.15748873,-0.032060396,0.18529564,-0.049553767,0.17662755,-0.23158781,0.14482267
130,-0.053309597,0.12875253,-0.125662,0.18110186,-0.2123503,0.049510248,-0.26741743,0.06971615,-0.112782,0.06367594,,,-0.22688578,0.157389,-0.027621875,0.18572316,-0.047602683,0.1766416,-0.21572274,0.14588246
131,-0.05169319,0.1288754,-0.12186245,0.18052028,-0.2002607,0.049514156,-0.2601241,0.07088432,-0.10703241,0.06353858,,,-0.21540481,0.15730985,-0.023238588,0.18619785,-0.04563572,0.1766621,-0.1999461,0.14697257
132,-0.050076693,0.1289986,-0.1180253,0.17992216,-0.18820381,0.049490813,-0.25252187,0.07232522,-0.101273015,0.0633997,,,-0.20386015,0.15724687,-0.019108532,0.18676458,-0.043606225,0.17668779,-0.18460846,0.14779544
133,-0.048456054,0.12911932,-0.114076845,0.17938139,-0.17630693,0.049489204,-0.24440289,0.073710516,-0.095513545,0.06326301,,,-0.19226065,0.15716709,-0.014990921,0.18737178,-0.041525718,0.1766779,-0.16970077,0.14827265
134,-0.0468354,0.12924038,-0.109941676,0.17882976,-0.1644813,0.049544863,-0.23564182,0.07521871,-0.08975407,0.063128516,,,-0.18059726,0.15707242,-0.011249159,0.18818243,-0.03941943,0.17664193,-0.15533738,0.14843158
135,-0.045214757,0.1293618,-0.1055431,0.1784883,-0.15291971,0.049764454,-0.22582774,0.07666149,-0.083994605,0.062996216,,,-0.16893904,0.15698521,-0.008448558,0.18906,-0.037289586,0.17657596,-0.1411365,0.14870468
136,-0.043575373,0.1294801,-0.100463696,0.17851228,-0.1416176,0.05007696,-0.21487167,0.07654757,-0.07823519,0.06286617,,,-0.15729527,0.1568907,-0.0061645852,0.18988526,-0.035158888,0.17651293,-0.12747902,0.14850302
137,-0.04177017,0.12959796,-0.093697265,0.1790971,-0.13033897,0.05044142,-0.20342597,0.07614935,-0.07247573,0.06273835,,,-0.1456563,0.15680063,-0.0041075717,0.19081265,-0.033000518,0.17645401,-0.114572965,0.14813566
138,-0.0398522,0.12977195,-0.08675595,0.17980218,-0.11910686,0.050839685,-0.191621,0.075771414,-0.0667163,0.06261279,,,-0.13400614,0.15673201,-0.0023931242,0.19173644,-0.030842166,0.17639787,-0.10276962,0.14794199
139,-0.037736636,0.1300349,-0.07968317,0.18046317,-0.10799368,0.051297154,-0.17925778,0.0751979,-0.060956858,0.062489484,,,-0.122359164,0.15666796,-0.0023038269,0.19239762,-0.028628195,0.17635716,-0.09143915,0.14792675
140,-0.035510868,0.13031574,-0.07245356,0.18115145,-0.09695557,0.051852815,-0.16609964,0.074601725,-0.05519738,0.062368467,,,-0.110712074,0.15660526,-0.002417561,0.19298038,-0.026380772,0.17631032,-0.08082786,0.14772323
141,-0.033193395,0.13065994,-0.06509134,0.1819483,-0.086004645,0.052469872,-0.15141453,0.07386678,-0.049429722,0.062245566,,,-0.09906509,0.15654387,-0.0025313336,0.1936071,-0.024067588,0.17625843,-0.070660025,0.14747472
142,-0.03076075,0.13098265,-0.057596978,0.18269674,-0.075224616,0.05306612,-0.13551483,0.07213898,-0.043619424,0.0620662,,,-0.087415144,0.15651606,-0.00264508,0.19427745,-0.021737186,0.17622834,-0.06080037,0.14730252
143,-0.02810586,0.13124734,-0.049942225,0.18333253,-0.064589836,0.053660635,-0.11901097,0.07007585,-0.03778515,0.06186776,,,-0.07577881,0.15650229,-0.002758857,0.19499099,-0.019397037,0.17621152,-0.05136898,0.1468101
144,-0.024975337,0.13156135,-0.04235843,0.1840482,-0.05403525,0.054301605,-0.101788424,0.06800354,-0.031950824,0.06167245,,,-0.064146355,0.15649009,-0.002872615,0.19574715,-0.017055416,0.17619883,-0.04241601,0.1463773
145,-0.021583818,0.13187876,-0.034764573,0.18478248,-0.043526355,0.054981492,-0.084008425,0.066356495,-0.026116552,0.06148033,,,-0.05251864,0.15648282,-0.0029863757,0.19654553,-0.014299705,0.17665422,-0.033862673,0.14609434
146,-0.017786734,0.13209666,-0.027160533,0.18552896,-0.033183202,0.055577002,-0.06534003,0.064950086,-0.020282317,0.061291404,,,-0.040891003,0.15647674,-0.003100146,0.1973856,-0.011334036,0.1773111,-0.025593111,0.14576894
147,-0.0133364,0.13216999,-0.01955635,0.18628001,-0.02320908,0.056092966,-0.046671275,0.06367928,-0.01444799,0.061105724,,,-0.029214758,0.15635799,-0.003213913,0.19826679,-0.0083286865,0.17800058,-0.017620761,0.14548148
148,-0.008312709,0.1319381,-0.011952231,0.18703558,-0.013774631,0.056664143,-0.028002754,0.06255233,-0.00865976,0.06092839,,,-0.017522063,0.15624191,-0.0033276766,0.1991886,-0.005119099,0.17883493,-0.010225296,0.14505355
149,-0.0028240245,0.13140263,-0.0041196756,0.18762304,-0.0045700674,0.057339847,-0.0093341945,0.06157714,-0.0028865659,0.060755897,,,-0.0058293305,0.15612654,-0.0034414148,0.2001504,-0.0017515153,0.1797677,-0.0033480378,0.14421211
150,0.0028240255,0.13078555,0.004119673,0.18792409,0.0045700707,0.05793238,0.009334204,0.060761,0.0028865659,0.060586646,,,0.0058293254,0.15606864,-0.003555169,0.2011517,0.0017515135,0.18061423,0.0033480378,0.14330912
151,0.008442651,0.13020775,0.012365668,0.18822977,0.013625255,0.058427885,0.028002774,0.060110398,0.008659759,0.060420673,,,0.017121788,0.15623198,-0.003668934,0.20219192,0.0059843943,0.18128629,0.009964751,0.14236988
152,0.014105973,0.1295992,0.020705476,0.18847066,0.022512017,0.05874625,0.046671323,0.059630755,0.014432949,0.060257986,,,0.02815181,0.15654536,-0.0037827047,0.20327038,0.010462481,0.1818535,0.016448224,0.14149201
153,0.019743873,0.12901953,0.02978191,0.18818997,0.031299844,0.05902535,0.06508645,0.05945329,0.020206241,0.06009861,,,0.039100528,0.15683815,-0.0038964546,0.20438655,0.014960099,0.18244293,0.022797573,0.14073955
154,0.025412807,0.1284174,0.03930269,0.18758503,0.039935738,0.059373155,0.082606584,0.05928019,0.02596995,0.059961043,,,0.0499702,0.15706065,-0.004010248,0.20553976,0.021353168,0.18312125,0.028956907,0.14011958
155,0.031098265,0.12780394,0.04941297,0.1864769,0.048560273,0.059621006,0.099472485,0.0592604,0.03157231,0.060045294,,,0.060678605,0.15717131,-0.004123983,0.20672938,0.028154235,0.18392478,0.034935948,0.13959226
156,0.03678373,0.1271921,0.059541583,0.18535791,0.05712639,0.059882414,0.11516318,0.05944833,0.036926582,0.06016972,,,0.07123367,0.15710713,-0.0042377696,0.2079549,0.035307873,0.1844915,0.040831205,0.13908422
157,0.042469192,0.12658194,0.06967019,0.18424295,0.06564337,0.060138486,0.12964097,0.059503186,0.042144276,0.060278174,,,0.08167841,0.15700018,-0.004351525,0.20921557,0.042791348,0.18477207,0.04664988,0.13855723
158,0.04815466,0.1259734,0.079808995,0.18311824,0.07403962,0.060374863,0.14302422,0.059718736,0.04734325,0.060389794,,,0.09209827,0.1568907,-0.0044652587,0.21051075,0.05075366,0.18462096,0.05238346,0.13802789
159,0.053840123,0.1253666,0.08982996,0.1820597,0.08245894,0.060601156,0.15540963,0.059967708,0.05254223,0.060508892,,,0.102505215,0.15678321,-0.004500587,0.2117471,0.05871684,0.18447061,0.05798026,0.1376216
160,0.059524536,0.12476026,0.09975132,0.18106326,0.0908571,0.060857583,0.1662872,0.06035851,0.057715327,0.060642652,,,0.1128855,0.15666439,-0.0043985248,0.21286146,0.06662835,0.18431413,0.06349659,0.13731661
161,0.065202475,0.12414778,0.10964785,0.18006851,0.099176444,0.06110946,0.17511524,0.06059948,0.06276848,0.06081632,,,0.123121284,0.15647267,-0.0031286525,0.2138892,0.07451601,0.18415596,0.06891466,0.13705446
162,0.07088032,0.1235371,0.119483374,0.17912684,0.10750044,0.061367996,0.18200825,0.060601857,0.06782151,0.061000086,,,0.13319416,0.1562209,7.1966647e-06,0.2154881,0.08235372,0.18399946,0.07426795,0.13687384
163,0.07648935,0.12297578,0.12915896,0.17831443,0.115735725,0.061654925,0.18808898,0.060566112,0.07287455,0.061193895,,,0.14313376,0.15595506,0.003408531,0.21754761,0.09016412,0.18384476,0.07957257,0.13679034
164,0.08206084,0.122442976,0.13869537,0.17761461,0.12378856,0.061877504,0.19398953,0.0607097,0.07792762,0.061397623,,,0.15305375,0.15569483,0.009710602,0.21946047,0.0979515,0.18365884,0.08473695,0.13695307
165,0.08761698,0.121923596,0.14800589,0.1770469,0.1317655,0.06203009,0.19983631,0.060889415,0.082980655,0.0616112,,,0.1629724,0.15546629,0.019369127,0.2206594,0.10569683,0.18341446,0.08983005,0.13717608
166,0.09300923,0.12151801,0.1573084,0.17648952,0.13966626,0.06221692,0.20557247,0.06126767,0.08803368,0.06183449,,,0.17287365,0.15526155,0.030197892,0.22144814,0.11344219,0.18317221,0.0948333,0.1375009
167,0.09826523,0.12119892,0.16637504,0.17606401,0.14742838,0.062396888,0.21127975,0.061748266,0.09308663,0.06206741,,,0.18265297,0.15503733,0.041664347,0.22206283,0.121187344,0.18293212,0.099806674,0.13786623
168,0.10346338,0.12092727,0.17467041,0.17612429,0.15509117,0.06244193,0.21694376,0.062317695,0.098139785,0.062309865,,,0.19232252,0.1547542,0.05336312,0.22254142,0.1288779,0.18262976,0.10460512,0.13839144
169,0.10862682,0.120686464,0.18257384,0.17649485,0.16259588,0.062211998,0.22256829,0.06295585,0.10319281,0.062561706,,,0.2017165,0.15457253,0.06515408,0.22302124,0.13654917,0.18230698,0.109238125,0.13897802
170,0.11378279,0.12045525,0.19020844,0.17705202,0.16996248,0.06189166,0.22807395,0.06354445,0.10824587,0.06282286,,,0.21057962,0.15481775,0.07710468,0.22357418,0.14422046,0.18198618,0.11371224,0.13963224
171,0.118950956,0.12025304,0.19775331,0.1776805,0.17696148,0.061168335,0.23350836,0.06410738,0.11344365,0.06307299,,,0.21925455,0.15524226,0.09086671,0.22397862,0.15186949,0.1816378,0.11788767,0.14030203
172,0.12387837,0.12020256,0.20529462,0.17831907,0.1826702,0.060549416,0.23878947,0.06461014,0.1187305,0.06328031,,,0.22788483,0.15570447,0.10808331,0.22288501,0.15951489,0.18128654,0.12123329,0.14090379
173,0.12870896,0.12020067,0.21277912,0.17895637,0.18707357,0.060173307,0.24320576,0.06469471,0.12406179,0.06344873,,,0.2365105,0.15617102,0.12736641,0.22101526,0.16716032,0.18093719,0.123497,0.14118706
174,0.13349538,0.120230414,0.22023024,0.17962024,0.19123806,0.059815377,0.24644431,0.06439065,0.12939312,0.063622326,,,0.24513622,0.15663819,0.14691046,0.2191566,0.17480573,0.18058981,0.12565055,0.14149661
175,0.138256,0.120286405,0.22748037,0.18042462,0.19523968,0.059397515,0.24933772,0.064180195,0.13478921,0.06365397,,,0.25376207,0.15710604,0.1667621,0.21731214,0.1824513,0.18024436,0.12769096,0.14188021
176,0.14301762,0.12034418,0.23470144,0.18119492,0.19885042,0.05893341,0.25189772,0.06416244,0.14026189,0.063603945,,,0.26247424,0.15753138,0.18668774,0.21551271,0.190095,0.17989856,0.12914905,0.14212056
177,0.14777927,0.12040458,0.24192232,0.18196674,0.20224637,0.058491316,0.25404418,0.06426732,0.14589672,0.06353368,,,0.2715495,0.15774836,0.2072789,0.21354501,0.19771183,0.17951892,0.1301329,0.14224738
178,0.15254086,0.120467626,0.24914321,0.18274026,0.20537437,0.05817769,0.25552952,0.06408754,0.1515651,0.06342874,,,0.28085604,0.15776931,0.22823231,0.21163785,0.20532864,0.17914137,0.13100612,0.14238617
179,0.15730248,0.120533325,0.2563642,0.18351541,0.20819192,0.05810765,0.25682583,0.063866265,0.15724774,0.06331368,,,0.2902267,0.15779622,0.24973598,0.20958765,0.21294542,0.17876588,0.13152793,0.14241137
180,0.16206414,0.12060165,0.2637205,0.18418889,0.21080802,0.05809137,0.25788948,0.063859776,0.16318956,0.06317146,,,0.29955846,0.1577712,0.27123967,0.20757006,0.22056226,0.17839247,0.13174324,0.14233877
181,0.16682415,0.120672345,0.27116257,0.18479654,0.21324551,0.058093816,0.25893563,0.0638555,0.16917925,0.0630344,,,0.30891192,0.1577136,0.29274246,0.20558596,0.22817905,0.17802115,0.13189429,0.14227255
182,0.17156133,0.12074192,0.2786075,0.18540683,0.21536863,0.058242694,0.25990036,0.06397296,0.17503873,0.06289785,,,0.31830204,0.15762924,0.3142456,0.20363636,0.23579603,0.17765196,0.1318617,0.14233223
183,0.1762842,0.12081435,0.28618613,0.18592666,0.21709976,0.058462348,0.2607437,0.06419927,0.18087944,0.062753,,,0.32768786,0.1575431,0.33580834,0.20175433,0.24341285,0.17728487,0.13174811,0.1424441
184,0.18100154,0.12089041,0.29390946,0.18631676,0.2186914,0.058578055,0.26156598,0.064426444,0.18653569,0.06257316,,,0.33687377,0.1571478,0.3577012,0.20005177,0.25102967,0.17691992,0.1314332,0.1425402
185,0.18571879,0.12096888,0.3017439,0.18661776,0.22009963,0.05866091,0.2623754,0.064643376,0.19173199,0.062262997,,,0.3460162,0.15669511,0.3800429,0.19840714,0.2586263,0.17657429,0.13106272,0.14260168
186,0.19043426,0.12104799,0.30961794,0.18689846,0.22149265,0.058749817,0.26317394,0.06485151,0.19647852,0.061849553,,,0.35522732,0.1562117,0.4024398,0.1967894,0.26620197,0.17624868,0.13058084,0.14254749
187,0.19514166,0.12112502,0.3174599,0.1872062,0.22288173,0.05883323,0.2639498,0.065054126,0.20078897,0.061662767,,,0.3645777,0.15563336,0.42483655,0.19520062,0.2737776,0.17592491,0.12998863,0.14241257
188,0.19981223,0.121226266,0.32527637,0.18753517,0.22427076,0.058916826,0.26471898,0.065259084,0.20489903,0.061505392,,,0.37393567,0.15505221,0.44723365,0.19364153,0.28135335,0.17560305,0.12916724,0.14209388
189,0.20448181,0.121330015,0.33309266,0.18786812,0.22565849,0.058998886,0.26547158,0.06543845,0.20868501,0.06107267,,,0.3833527,0.15445462,0.46955356,0.19213419,0.28892902,0.17528309,0.12825242,0.14176027
190,0.20913845,0.12144501,0.340881,0.18822268,0.22704497,0.059072264,0.26622415,0.06561875,0.21194892,0.060574703,,,0.39282373,0.15384263,0.49184853,0.19066541,0.29650462,0.17496502,0.12727447,0.14140345
191,0.21370454,0.12160287,0.3486673,0.18858209,0.22846356,0.05911692,0.2669768,0.06579992,0.2148332,0.060207434,,,0.4022947,0.1532347,0.51414317,0.189229,0.30407235,0.17465563,0.12629461,0.1410493
192,0.21821076,0.121799886,0.3564536,0.18894508,0.2298821,0.05916229,0.26772934,0.065981984,0.21753612,0.05996514,,,0.41176564,0.15263087,0.53643703,0.18782553,0.31160396,0.174379,0.12531473,0.1406986
193,0.22269513,0.12201721,0.36423987,0.18931152,0.23130068,0.059208356,0.268472,0.066149816,0.220035,0.0598545,,,0.42123663,0.1520312,0.5586348,0.18642153,0.31913558,0.1741045,0.12433488,0.14035143
194,0.22717945,0.122235395,0.37208518,0.18962836,0.232733,0.059254263,0.26921684,0.066314146,0.22224891,0.059713535,,,0.43070766,0.15143576,0.5807687,0.18503982,0.32666725,0.17383209,0.12335501,0.14000781
195,0.23166393,0.12245442,0.38031718,0.18963397,0.23422618,0.059258677,0.2699633,0.06648014,0.22431917,0.059503887,,,0.44018468,0.15084401,0.6026777,0.18367128,0.33419898,0.17356181,0.1223433,0.13958026
196,0.23614828,0.12267427,0.38868457,0.18956448,0.23573971,0.059246402,0.27070975,0.06664694,0.22628342,0.059234537,,,0.44946185,0.1501625,0.6242447,0.18231979,0.34172374,0.17329904,0.12137608,0.13915478
197,0.24063233,0.122895174,0.39718467,0.18937446,0.23725326,0.059235398,0.2714562,0.06681452,0.22815411,0.058929756,,,0.45856357,0.14940096,0.64540505,0.18099518,0.3490685,0.17309646,0.12041999,0.13873348
198,0.24509013,0.12313578,0.40551925,0.18915188,0.23879261,0.059211507,0.27220976,0.06699012,0.22998482,0.05863011,,,0.46754184,0.14861728,0.6658833,0.17951752,0.35629883,0.17283145,0.11946402,0.13831516
199,0.24951555,0.123405315,0.4134269,0.1889557,0.24034038,0.059183378,0.27296484,0.067168005,0.23176199,0.05830469,,,0.47642642,0.14783706,0.6852332,0.17800683,0.36331984,0.17247082,0.11850809,0.13789994
200,0.2539271,0.12368784,0.4195803,0.1891899,0.24188809,0.059156388,0.27371022,0.06733435,0.23353758,0.057986576,,,0.48512068,0.14697947,0.7033408,0.17674899,0.37025285,0.17221004,0.11755261,0.13748854
201,0.25833863,0.12397139,0.42348158,0.18981016,0.24346112,0.059118237,0.27444753,0.06749105,0.23531316,0.05767577,,,0.4935809,0.14599209,0.7204409,0.17548436,0.37711662,0.17198035,0.116634905,0.13706303
202,0.26275033,0.12425593,0.42550594,0.1904764,0.24504599,0.05907496,0.27518478,0.06764832,0.2370888,0.057372387,,,0.5016359,0.14496961,0.73655045,0.17430112,0.38389483,0.17175102,0.11586389,0.13663779
203,0.2671618,0.124541484,0.42680755,0.19110784,0.24663565,0.059032448,0.27592215,0.06780616,0.23886436,0.057076577,,,0.508491,0.14455155,0.75165826,0.17346883,0.39053246,0.1715433,0.1152043,0.136266
204,0.27157336,0.12482801,0.42803177,0.19163556,0.248288,0.058956347,0.27665946,0.067964554,0.24063163,0.056793753,,,0.5145708,0.14458075,0.7664161,0.17302004,0.39700878,0.17137891,0.114751376,0.13588864
205,0.27594468,0.12515213,0.4291761,0.19203883,0.2499661,0.05888055,0.27739677,0.068123475,0.24236618,0.05654758,,,0.5203253,0.14477107,0.78093094,0.1726665,0.40312573,0.17124374,0.114399835,0.13558497
206,0.2803047,0.12548839,0.4302784,0.19236127,0.25165763,0.0588144,0.27813405,0.06828292,0.24395144,0.056549534,,,0.5258863,0.14509253,0.7949733,0.17255892,0.40887824,0.17129467,0.11408397,0.13528214
207,0.28463572,0.1258174,0.4313435,0.19261035,0.25336242,0.058758136,0.2788714,0.06844295,0.24552841,0.05656466,,,0.53130203,0.14553484,0.80885285,0.17251205,0.41441214,0.17138511,0.11380478,0.13497294
208,0.28890586,0.1261254,0.43233287,0.19269632,0.25506818,0.058703363,0.2796087,0.0686035,0.24709763,0.056578316,,,0.5366608,0.14606468,0.8225023,0.17253615,0.41988125,0.17151304,0.113523215,0.13467439
209,0.29305133,0.12635534,0.43324322,0.19261009,0.256774,0.058649063,0.28034598,0.068764575,0.24863026,0.05656138,,,0.5419616,0.14666711,0.83581614,0.17258431,0.4252672,0.17154984,0.1132378,0.13438648
210,0.29662755,0.12633231,0.43409848,0.19240364,0.25847983,0.05859526,0.2810833,0.068926156,0.25013742,0.056506705,,,0.54711217,0.14740269,0.8489987,0.17263371,0.4305624,0.1716641,0.11295246,0.13410015
211,0.29944852,0.12610891,0.4349239,0.19212952,0.26018566,0.058541965,0.28182063,0.06908828,0.25154948,0.05641013,,,0.5521691,0.14811227,0.86201423,0.17272213,0.43580884,0.1718411,0.112667084,0.1338154
212,0.3021776,0.12591429,0.43573812,0.19182964,0.26189145,0.058489162,0.28255793,0.06925091,0.2529133,0.05630167,,,0.55713433,0.14883596,0.8749858,0.17282796,0.44100472,0.1720658,0.11237515,0.13354687
213,0.30480134,0.1256193,0.43654877,0.19150622,0.26359734,0.05843686,0.2833082,0.06941473,0.25425777,0.056199208,,,0.5620403,0.14955154,0.8879563,0.1729509,0.44609302,0.17234506,0.11208666,0.133296
214,0.30741727,0.12530874,0.43735763,0.19118434,0.26530132,0.058384083,0.28406662,0.06957942,0.25522807,0.056076262,,,0.56690085,0.1502419,0.9006636,0.1730992,0.45113254,0.17264879,0.111822054,0.1330402
215,0.31001255,0.12500723,0.4381677,0.1908617,0.26698238,0.05832362,0.28483787,0.06973929,0.25568637,0.056013856,,,0.57171136,0.15090586,0.91306406,0.17319775,0.45613042,0.17296293,0.1115572,0.13278611
216,0.31252503,0.1246852,0.43897903,0.19053812,0.26865104,0.058272514,0.2856287,0.06989184,0.25593457,0.05595017,,,0.5764382,0.15152983,0.92518353,0.17338729,0.4610978,0.17328382,0.11129236,0.13253382
217,0.3149413,0.12427154,0.43979123,0.19021413,0.2703022,0.058230363,0.28642312,0.07004353,0.25612828,0.055900376,,,0.5811333,0.15214266,0.93707967,0.17375275,0.4660341,0.17360164,0.11102754,0.13228327
218,0.3171389,0.124022186,0.44060338,0.18989044,0.2719328,0.058203854,0.28721762,0.070195846,0.25612438,0.05584521,,,0.5858201,0.15275204,0.94848496,0.17406714,0.4708193,0.17392665,0.11083665,0.13215506
219,0.31917357,0.12386666,0.4414155,0.18956706,0.27354783,0.05819036,0.288012,0.07034872,0.25590008,0.055868033,,,0.590501,0.15336008,0.95922464,0.17432223,0.47527385,0.17423916,0.110658124,0.13204883
220,0.32117912,0.12373805,0.4422276,0.189244,0.27510262,0.058181513,0.2888065,0.070502274,0.25553435,0.05595952,,,0.59514207,0.15400495,0.9697403,0.17432453,0.4788072,0.17413685,0.11047947,0.13194402
221,0.32315812,0.123626485,0.4430398,0.18892121,0.27659726,0.058202006,0.28960094,0.07065642,0.25514567,0.056064744,,,0.5996826,0.15470617,0.9794633,0.17329268,0.48202887,0.17383464,0.11030041,0.1318405
222,0.325099,0.12353906,0.44385198,0.18859878,0.27805698,0.058243405,0.29039544,0.0708112,0.25472555,0.056198545,,,0.6039343,0.15534103,0.9880916,0.17203338,0.48510388,0.17348251,0.11012123,0.13173833
223,0.32703984,0.123452544,0.4446641,0.18827663,0.2795079,0.05828226,0.29119182,0.0709649,0.25429612,0.05634493,,,0.6078463,0.15576135,0.9955609,0.17088304,0.48810562,0.17310001,0.109942034,0.13163753
224,0.32898062,0.12336692,0.44547626,0.1879548,0.28092372,0.058313962,0.2920062,0.07110417,0.25385684,0.056503676,,,0.6112907,0.15601692,0.99889255,0.17060612,0.49093384,0.17277272,0.10976291,0.13153811
225,0.33092144,0.12328225,0.44628847,0.18763329,0.28230926,0.05832194,0.29282245,0.071246676,0.2533917,0.05666927,,,0.61465234,0.15629566,0.99878097,0.17110562,0.49370927,0.1725051,0.109583706,0.13144003
226,0.33285886,0.12320056,0.4471024,0.18731052,0.2836858,0.058336537,0.29365036,0.07140294,0.25290626,0.056840543,,,0.6178629,0.15652508,0.99752814,0.17199142,0.4963188,0.17236413,0.109404564,0.13134335
227,0.33476597,0.12313803,0.44791737,0.18698728,0.28505555,0.058356658,0.29448232,0.07156282,0.2523856,0.057034742,,,0.62078255,0.15659876,0.9961891,0.17293325,0.49887666,0.17225602,0.10922521,0.13124813
228,0.33667308,0.12307658,0.4487323,0.18666436,0.28641924,0.058379,0.2953282,0.07172633,0.25185314,0.05723893,,,0.62358636,0.15654838,0.9945907,0.17376654,0.50127035,0.17214403,0.10904507,0.13115466
229,0.33858028,0.123016216,0.4495471,0.18634176,0.2877565,0.05841451,0.2961816,0.07189209,0.2513181,0.057447754,,,0.6262784,0.15647621,0.9927458,0.17455816,0.5035738,0.17195691,0.10890873,0.13104555
230,0.34048745,0.12295693,0.45036235,0.18601936,0.28907683,0.058458555,0.29703495,0.07205835,0.25076672,0.057670355,,,0.6288685,0.15641935,0.9908917,0.17535754,0.5058312,0.17178035,0.10879833,0.1309278
231,0.34239453,0.12289873,0.45117798,0.18569696,0.29034993,0.058521032,0.29788828,0.07222514,0.2501753,0.057921562,,,0.63145864,0.1563629,0.98903793,0.17616284,0.5080556,0.17166829,0.10868794,0.13081148
232,0.34430167,0.12284164,0.45199367,0.1853749,0.29160053,0.05856675,0.29874167,0.07239244,0.24956426,0.058186926,,,0.6340488,0.15630679,0.98718375,0.17697404,0.51028013,0.17155756,0.10857751,0.13069658
233,0.34620857,0.122785434,0.4528093,0.18505321,0.2928384,0.05861318,0.299595,0.072560266,0.24895287,0.058452945,,,0.63663894,0.15625107,0.98536927,0.17778195,0.5125045,0.17144807,0.10846714,0.13058312
234,0.34809968,0.12272575,0.45362532,0.18473153,0.2940763,0.05866082,0.3004484,0.0727286,0.24834025,0.058719017,,,0.6392291,0.15619572,0.98376566,0.17857729,0.5147289,0.17133985,0.108356714,0.13047108
235,0.3499637,0.12268192,0.45444226,0.18440938,0.29529583,0.05872512,0.30130178,0.07289744,0.24772762,0.058985967,,,0.64181924,0.15614074,0.9821971,0.17935818,0.5169533,0.17123288,0.108249016,0.1303616
236,0.35182416,0.12263479,0.45525935,0.18408756,0.2964984,0.05880695,0.30216596,0.07306741,0.24711533,0.059254475,,,0.6444095,0.15608616,0.98065466,0.18014596,0.5191777,0.1711272,0.10817211,0.13026598
237,0.3536775,0.1225782,0.45607674,0.18376578,0.2976783,0.058910877,0.30305722,0.07323752,0.24650478,0.059526984,,,0.64699966,0.15603192,0.9791394,0.18094337,0.52140224,0.1710228,0.10809523,0.13017173
238,0.35552722,0.12251725,0.45689502,0.18344359,0.2988575,0.059016347,0.3039649,0.07337797,0.2458935,0.059800267,,,0.6495896,0.15597808,0.97763383,0.1817457,0.5235963,0.17092218,0.10802564,0.13006908
239,0.3573749,0.12245339,0.45771337,0.18312173,0.3000338,0.05911653,0.30491018,0.07348139,0.24527888,0.06007407,,,0.6521798,0.1559246,0.9761704,0.18254095,0.52573097,0.1708107,0.1079791,0.12995064
240,0.3592185,0.12238272,0.45853165,0.18280023,0.3011732,0.059213255,0.305897,0.07356541,0.24466425,0.060348712,,,0.65476996,0.15587154,0.97478354,0.18336245,0.5278593,0.17069393,0.10797313,0.1298768
241,0.36106214,0.12231308,0.45935,0.1824791,0.3022914,0.059306476,0.30688375,0.0736503,0.24408415,0.060575567,,,0.6573601,0.1558188,0.9734475,0.18417145,0.52995783,0.17060015,0.108011454,0.12987244
242,0.36290586,0.122244515,0.46016824,0.18215832,0.30340138,0.05939352,0.30787247,0.0737386,0.24352618,0.060779337,,,0.6599502,0.15576647,0.97211134,0.18498546,0.5320221,0.17049573,0.1081281,0.12991367
243,0.3647495,0.12217699,0.46098694,0.18183774,0.30450606,0.059473135,0.30886188,0.07382867,0.24304445,0.06094645,,,0.66254044,0.15571451,0.97077537,0.18580441,0.5340556,0.17037882,0.10827135,0.12998456
244,0.36659306,0.12211054,0.4618066,0.181517,0.3056028,0.05954739,0.30985126,0.07391966,0.2426375,0.06109862,,,0.66513056,0.15566292,0.96943915,0.18662825,0.5360428,0.17027247,0.10845644,0.13008215
245,0.36843672,0.122045144,0.4626022,0.18116194,0.30665883,0.059574015,0.31084064,0.074011505,0.24223061,0.06125348,,,0.66772056,0.15561175,0.9681032,0.18745688,0.53801894,0.1701709,0.10868245,0.13020138
246,0.3702803,0.12198084,0.4633938,0.18080138,0.30770102,0.059580527,0.31183,0.07410425,0.24182367,0.06141101,,,0.6703108,0.15556091,0.96678406,0.18828565,0.53996074,0.1700845,0.10897968,0.13032494
247,0.37212396,0.12191757,0.46418545,0.18044119,0.30873403,0.059578773,0.31281933,0.074197836,0.24141674,0.0615712,,,0.6729011,0.15551049,0.9655174,0.1891068,0.5418751,0.17002077,0.10931653,0.13044085
248,0.37396756,0.12185537,0.46497703,0.1800814,0.30976707,0.059577584,0.31380877,0.07429233,0.2410098,0.061734006,,,0.67549115,0.15546043,0.96434736,0.18993373,0.54378426,0.16995962,0.10965828,0.13055667
249,0.37581128,0.12179426,0.46576867,0.17972195,0.3107811,0.059535466,0.31479818,0.07438766,0.24060945,0.061899003,,,0.67808133,0.15541075,0.963301,0.19076167,0.5456608,0.16991211,0.11001426,0.13067017
250,0.3776557,0.121733315,0.46656018,0.17936292,0.3117895,0.05948166,0.3157875,0.07448386,0.24022265,0.06206473,,,0.6806715,0.15536144,0.9623139,0.19159195,0.54749227,0.16988578,0.110419005,0.1308187
251,0.37950066,0.12167309,0.46735188,0.1790043,0.31279796,0.059428364,0.31677693,0.074580945,0.23983961,0.062230542,,,0.6832616,0.15531254,0.96137536,0.19241872,0.5491469,0.16986115,0.11082599,0.1309681
252,0.38134557,0.12161391,0.46813688,0.17864186,0.3138064,0.059375543,0.31776625,0.07467886,0.23950766,0.062369347,,,0.68585175,0.15526398,0.96058816,0.19325887,0.55069333,0.16989852,0.11123596,0.13111936
253,0.3831905,0.1215558,0.4688647,0.17825212,0.31481493,0.059323158,0.31875566,0.07477765,0.2392767,0.062479272,,,0.6884419,0.15521583,0.95992744,0.19409874,0.55222917,0.16994944,0.11164975,0.13127299
254,0.3850354,0.12149875,0.46954677,0.1778503,0.31582335,0.05927129,0.31974506,0.07487729,0.23905472,0.06258995,,,0.6910321,0.15516807,0.9593381,0.1949248,0.5537534,0.16999274,0.11206361,0.13142791
255,0.3868803,0.1214428,0.47022885,0.17744935,0.31682727,0.05921646,0.32073438,0.07497778,0.23883262,0.06270199,,,0.69361,0.15510859,0.95881593,0.19575787,0.55519426,0.17001803,0.11247744,0.13158405
256,0.38872528,0.121387884,0.47091103,0.17704922,0.31783047,0.059161574,0.32172397,0.075079225,0.2386106,0.062815405,,,0.6961792,0.15504095,0.95832217,0.19658135,0.5563839,0.17006707,0.11289124,0.13174146
257,0.3905668,0.12133124,0.47159302,0.17664993,0.3188327,0.0591062,0.32273507,0.0751961,0.23838858,0.06293018,,,0.69874847,0.1549738,0.95786947,0.1973864,0.5572926,0.17022473,0.113313295,0.13189769
258,0.39237878,0.121253304,0.47224912,0.17627113,0.31982222,0.059038736,0.32375434,0.07531909,0.23816654,0.063046314,,,0.7013122,0.15491083,0.95748085,0.1981668,0.55813104,0.1704151,0.11376196,0.13204716
259,0.39415368,0.12116504,0.47281688,0.17595911,0.3208118,0.05897176,0.32479373,0.07541967,0.23794448,0.06316378,,,0.70387423,0.15484945,0.9571545,0.19894281,0.5589113,0.17065254,0.114219435,0.13220231
260,0.39590764,0.12109015,0.47310036,0.1758048,0.32180136,0.05890527,0.32589188,0.07541919,0.2377281,0.06327756,,,0.7064179,0.15477924,0.9569297,0.19970609,0.55955464,0.17096408,0.11468359,0.1323686
261,0.39760086,0.12100677,0.47323713,0.17576283,0.32279083,0.05883925,0.32699472,0.075409755,0.23751326,0.063391164,,,0.7089425,0.15472326,0.95671755,0.20046793,0.5601694,0.17127627,0.115147896,0.13253585
262,0.39921966,0.12089558,0.47321364,0.17576939,0.32378045,0.058773696,0.32809997,0.07539994,0.23729837,0.06350595,,,0.7114549,0.15468131,0.9565389,0.20122476,0.5607844,0.17159186,0.11563429,0.13270013
263,0.40076974,0.120779425,0.47295246,0.17590982,0.32476988,0.058708623,0.3292051,0.07539096,0.23708357,0.06362192,,,0.7139446,0.15466486,0.9563669,0.2019741,0.561389,0.17192031,0.116143934,0.13286218
264,0.40227926,0.12064813,0.47241533,0.17619993,0.3257595,0.058644064,0.33031037,0.07538275,0.23686872,0.06373907,,,0.7164343,0.15464932,0.9561981,0.2027199,0.5619772,0.1722673,0.1166646,0.13303274
265,0.40375406,0.12051338,0.4718752,0.17649584,0.326749,0.058579963,0.33141556,0.07537531,0.2366539,0.06385739,,,0.7189241,0.15463474,0.95602936,0.20346592,0.56256545,0.17261758,0.11718986,0.13320373
266,0.40519655,0.120372616,0.4711447,0.17693597,0.32773858,0.058516335,0.33252066,0.07536863,0.236439,0.063976854,,,0.7214138,0.15462103,0.95586044,0.20421217,0.5631537,0.17297114,0.11771515,0.13337557
267,0.40663302,0.1202342,0.4702563,0.17744558,0.3287281,0.05845321,0.33362594,0.075362734,0.23622417,0.06409748,,,0.72390366,0.15460825,0.955692,0.20495863,0.56368095,0.17337003,0.118254535,0.13355164
268,0.40800953,0.120106176,0.46936,0.1779566,0.32971755,0.058390576,0.33473113,0.07535761,0.23600937,0.06421924,,,0.72639334,0.15459642,0.955529,0.20569783,0.56416285,0.17380275,0.11879992,0.13373129
269,0.40930936,0.12001574,0.4684636,0.17846859,0.33070716,0.058328442,0.33583626,0.07535328,0.23577447,0.064351216,,,0.7288832,0.15458547,0.9553736,0.20642789,0.56464463,0.17423803,0.11934428,0.13391249
270,0.4105208,0.11997437,0.4675672,0.1789815,0.3316967,0.058266792,0.33694154,0.07534972,0.2355239,0.06447713,,,0.7313729,0.15457541,0.95521796,0.20715809,0.5651206,0.17468135,0.11988705,0.1340959
271,0.4115051,0.12004094,0.4666709,0.17949535,0.33268625,0.05820562,0.33804676,0.07534693,0.23527324,0.06460393,,,0.7338436,0.15458392,0.9550627,0.20788854,0.56556547,0.17515075,0.12042864,0.13428159
272,0.41239917,0.120090246,0.46577457,0.18001017,0.33367577,0.058144968,0.33915195,0.07534493,0.23502266,0.06473159,,,0.7363137,0.1545938,0.95490706,0.20861916,0.5659972,0.17562678,0.12096943,0.13446921
273,0.4131899,0.12019553,0.4648805,0.18052578,0.3346653,0.058084805,0.34025705,0.07534371,0.23477206,0.064860106,,,0.7387839,0.15460457,0.954757,0.2093432,0.5664289,0.17610547,0.12151014,0.13465764
274,0.41380557,0.12042806,0.46398726,0.18104225,0.33565482,0.058025148,0.3413623,0.075343266,0.2345214,0.06498949,,,0.74124396,0.15462588,0.954615,0.21005718,0.5668606,0.17658678,0.122050874,0.13484685
275,0.41433087,0.120689705,0.46309417,0.18155967,0.33664432,0.05796597,0.34246743,0.07534359,0.2342677,0.06512203,,,0.7436891,0.15464632,0.95447296,0.21077135,0.5672922,0.17707068,0.122591764,0.13503644
276,0.41479588,0.12098993,0.46220094,0.18207797,0.3376339,0.05790731,0.3435727,0.07534472,0.23401347,0.06525576,,,0.7461036,0.15465029,0.95433104,0.21148577,0.567724,0.17755719,0.12313274,0.1352266
277,0.41519147,0.1212872,0.4613078,0.18259716,0.33862346,0.05784915,0.34467793,0.075346574,0.23375928,0.06539033,,,0.74845755,0.15465279,0.954189,0.21220039,0.56815577,0.17804627,0.123673715,0.13541755
278,0.4155654,0.121587254,0.46040165,0.18312587,0.33961296,0.05779149,0.3457831,0.07534926,0.23350507,0.06552575,,,0.7506949,0.15464757,0.954047,0.21291517,0.5685669,0.17851268,0.12421772,0.1356146
279,0.41590768,0.121917784,0.45942461,0.1837024,0.3406025,0.057734337,0.34688827,0.07535272,0.23325087,0.065662,,,0.7528066,0.1547248,0.95390517,0.2136302,0.5689609,0.17896049,0.12476519,0.1358138
280,0.4161311,0.122332394,0.4584475,0.18427913,0.341592,0.057677705,0.34799346,0.075356945,0.23299667,0.06579908,,,0.7548768,0.15483853,0.95376307,0.21434541,0.5693469,0.17940435,0.12531741,0.13601908
281,0.41617084,0.12289239,0.4574704,0.18485603,0.3425816,0.057621565,0.34909865,0.075361945,0.23274249,0.065936975,,,0.7568702,0.15500917,0.9536211,0.21506083,0.5696883,0.17982107,0.12587965,0.13623933
282,0.41609547,0.12348898,0.45649338,0.18543313,0.3435711,0.05756593,0.3502041,0.07536771,0.23248829,0.0660757,,,0.75884145,0.15520233,0.95347905,0.21577647,0.5699709,0.18023771,0.12644552,0.13646224
283,0.4159872,0.12408134,0.45551628,0.1860104,0.3445605,0.05751068,0.35133672,0.07537234,0.23223408,0.066215225,,,0.7607696,0.1554283,0.9533371,0.21649231,0.5702272,0.18064584,0.12701476,0.13668574
284,0.41583908,0.12473041,0.45453966,0.18658812,0.3455463,0.057451982,0.35246933,0.07537773,0.23197983,0.06635557,,,0.76269394,0.15565774,0.95319504,0.21720828,0.5704567,0.18102878,0.12758395,0.13690983
285,0.4156196,0.12547277,0.45356354,0.18716708,0.34653214,0.057393804,0.35360196,0.07538387,0.23172568,0.066496715,,,0.7646023,0.15588823,0.95305306,0.2179245,0.57067376,0.18139732,0.12815842,0.13713604
286,0.4153786,0.12621866,0.45258757,0.18774614,0.34751788,0.057336107,0.35473442,0.07539076,0.2314715,0.066638656,,,0.76649225,0.15612812,0.95291114,0.2186409,0.57089096,0.1817678,0.12873869,0.1373637
287,0.41513768,0.12696491,0.45161143,0.18832545,0.34850368,0.05727893,0.35586703,0.075398415,0.23121727,0.06678141,,,0.76837724,0.15637058,0.95276904,0.21935745,0.57110816,0.18214026,0.12932074,0.13759208
288,0.41489685,0.12771143,0.45063537,0.1889049,0.34948945,0.05722224,0.35699967,0.075406864,0.23096065,0.066923365,,,0.77026206,0.1566134,0.95263255,0.22006787,0.5713254,0.1825147,0.12990278,0.13782096
289,0.41465607,0.12845834,0.44965926,0.18948452,0.35047528,0.057166055,0.35813224,0.07541602,0.23069169,0.067072146,,,0.772147,0.15685655,0.95250475,0.22076878,0.5715286,0.18287219,0.13048485,0.13805036
290,0.41441524,0.12920561,0.44868335,0.19006433,0.35146144,0.057109967,0.3592649,0.07542593,0.23041639,0.06722466,,,0.7740054,0.15709242,0.95237714,0.22146979,0.57172894,0.18322758,0.131067,0.13828029
291,0.41417444,0.12995325,0.4477073,0.19064425,0.3524513,0.057050608,0.36039743,0.0754366,0.23014115,0.06737774,,,0.7758644,0.15732692,0.9522495,0.22217107,0.5719293,0.18358485,0.13164836,0.13851172
292,0.41393363,0.13070127,0.44673118,0.19122437,0.353441,0.056991678,0.36153004,0.075448014,0.22986165,0.06753348,,,0.7777247,0.15756136,0.9521218,0.22287245,0.57212955,0.18394396,0.13222341,0.13875405
293,0.41369283,0.13144965,0.44575512,0.19180465,0.3544316,0.056932498,0.36266556,0.07546074,0.22957258,0.06769448,,,0.7795756,0.1577913,0.9519942,0.22357403,0.5723149,0.1842967,0.13279735,0.13899729
294,0.41345197,0.1321984,0.4447791,0.19238508,0.35542357,0.056872584,0.36380103,0.0754742,0.22928359,0.06785603,,,0.7814361,0.15800649,0.9518688,0.22427738,0.5724846,0.1846426,0.1333696,0.13924088
295,0.41321126,0.13294749,0.443803,0.1929657,0.35641626,0.056812447,0.36493644,0.07548841,0.22899452,0.06801813,,,0.78331184,0.15821263,0.95174354,0.22498107,0.57265437,0.18499024,0.1339419,0.13948493
296,0.41297042,0.1336969,0.44282693,0.19354644,0.35741314,0.05675017,0.36607474,0.075507805,0.22870553,0.06818078,,,0.78519,0.15841909,0.95161855,0.22568497,0.5728239,0.18533972,0.1345142,0.13972944
297,0.4127297,0.13444644,0.4418509,0.19412738,0.3584119,0.0566876,0.36721337,0.07552856,0.22841649,0.06834396,,,0.7870721,0.15862502,0.9514935,0.22638907,0.57299274,0.18569165,0.13508591,0.13997516
298,0.4124892,0.13519631,0.44087428,0.19470938,0.35941082,0.05662538,0.36835194,0.07555007,0.22812746,0.0685077,,,0.78895545,0.15883033,0.95136636,0.22709471,0.57313174,0.18607529,0.13564602,0.14022282
299,0.4122493,0.13594632,0.43988553,0.1953115,0.36041164,0.056561355,0.3694906,0.07557236,0.2278325,0.06868076,,,0.79084337,0.15903625,0.95123947,0.2277996,0.57327193,0.18646003,0.13612622,0.14046764
